{
  "status":"0",
  "msg":"请求成功",
  "type":"news",
  "data": [
    {
      "id":"001",
      "year":"2018",
      "month":"08-16",
      "title":"奥斯卡通正式上线：",
      "content":"奥斯卡通正式上线、奥斯卡通正式上奥斯卡通正式上线、奥斯卡通正式上线、奥斯卡通正式上线、奥斯卡通正式上线、奥斯卡通正式上...线、"
    },
    {
      "id":"002",
      "year":"2018",
      "month":"08-17",
      "title":"奥斯卡通正式上线：",
      "content":"奥斯卡通正式上线、奥斯卡通正式上奥斯卡通正式上线、奥斯卡通正式上线、奥斯卡通正式上线、奥斯卡通正式上线、奥斯卡通正式上...线、"
    },
    {
      "id":"003",
      "year":"2018",
      "month":"08-16",
      "title":"奥斯卡通正式上线：",
      "content":"奥斯卡通正式上线、奥斯卡通正式上奥斯卡通正式上线、奥斯卡通正式上线、奥斯卡通正式上线、奥斯卡通正式上线、奥斯卡通正式上...线、"
    },
    {
      "id":"004",
      "year":"2018",
      "month":"08-18",
      "title":"奥斯卡通正式上线：",
      "content":"奥斯卡通正式上线、奥斯卡通正式上奥斯卡通正式上线、奥斯卡通正式上线、奥斯卡通正式上线、奥斯卡通正式上线、奥斯卡通正式上...线、"
    },
    {
      "id":"005",
      "year":"2018",
      "month":"08-19",
      "title":"奥斯卡通正式上线：",
      "content":"奥斯卡通正式上线、奥斯卡通正式上奥斯卡通正式上线、奥斯卡通正式上线、奥斯卡通正式上线、奥斯卡通正式上线、奥斯卡通正式上...线、"
    },
    {
      "id":"006",
      "year":"2018",
      "month":"08-20",
      "title":"奥斯卡通正式上线：",
      "content":"奥斯卡通正式上线、奥斯卡通正式上奥斯卡通正式上线、奥斯卡通正式上线、奥斯卡通正式上线、奥斯卡通正式上线、奥斯卡通正式上...线、"
    }
  ]
}